{
  "harness_large": {
    "r0": 32.0,
    "rT": 29.333333333333332,
    "rebuild": 53.333333333333336
  },
  "plain_large": {
    "r0": 17.333333333333336,
    "rT": 13.333333333333334,
    "rebuild": 26.666666666666668
  },
  "plain_small": {
    "r0": 22.666666666666664,
    "rT": 2.666666666666667,
    "rebuild": 49.333333333333336
  }
}